,tamcel,nodos,grado,smallworldness,beta,mean-sw,stdev-sw,sw-min,sw-max,swdiff,absswdiff
0,10,4345,2.80322209436,88.8515234581,0.1,0.0,0.0,0.0,0.0,88.8515234581,88.8515234581
1,10,4345,2.80322209436,88.8515234581,0.2,0.0,0.0,0.0,0.0,88.8515234581,88.8515234581
2,10,4345,2.80322209436,88.8515234581,0.3,0.0,0.0,0.0,0.0,88.8515234581,88.8515234581
3,10,4345,2.80322209436,88.8515234581,0.4,0.0,0.0,0.0,0.0,88.8515234581,88.8515234581
4,10,4345,2.80322209436,88.8515234581,0.5,0.0,0.0,0.0,0.0,88.8515234581,88.8515234581
5,10,4345,2.80322209436,88.8515234581,0.6,0.00552560954145,0.0247112771036,0.0,0.110512190829,88.8459978486,88.8459978486
6,10,4345,2.80322209436,88.8515234581,0.7,0.0,0.0,0.0,0.0,88.8515234581,88.8515234581
7,10,4345,2.80322209436,88.8515234581,0.8,0.0,0.0,0.0,0.0,88.8515234581,88.8515234581
8,10,4345,2.80322209436,88.8515234581,0.9,0.00285152697369,0.0127524163057,0.0,0.0570305394739,88.8486719311,88.8486719311
9,10,4345,2.80322209436,88.8515234581,1.0,0.0,0.0,0.0,0.0,88.8515234581,88.8515234581
10,12,4070,2.96265356265,92.7115430584,0.1,0.0,0.0,0.0,0.0,92.7115430584,92.7115430584
11,12,4070,2.96265356265,92.7115430584,0.2,0.0,0.0,0.0,0.0,92.7115430584,92.7115430584
12,12,4070,2.96265356265,92.7115430584,0.3,0.00550778522817,0.0246315643513,0.0,0.110155704563,92.7060352732,92.7060352732
13,12,4070,2.96265356265,92.7115430584,0.4,0.0,0.0,0.0,0.0,92.7115430584,92.7115430584
14,12,4070,2.96265356265,92.7115430584,0.5,0.0,0.0,0.0,0.0,92.7115430584,92.7115430584
15,12,4070,2.96265356265,92.7115430584,0.6,0.0,0.0,0.0,0.0,92.7115430584,92.7115430584
16,12,4070,2.96265356265,92.7115430584,0.7,0.00134376982,0.00600952132725,0.0,0.0268753963999,92.7101992886,92.7101992886
17,12,4070,2.96265356265,92.7115430584,0.8,0.0,0.0,0.0,0.0,92.7115430584,92.7115430584
18,12,4070,2.96265356265,92.7115430584,0.9,0.0,0.0,0.0,0.0,92.7115430584,92.7115430584
19,12,4070,2.96265356265,92.7115430584,1.0,0.0,0.0,0.0,0.0,92.7115430584,92.7115430584
20,14,3777,3.14058776807,114.451480083,0.1,0.0,0.0,0.0,0.0,114.451480083,114.451480083
21,14,3777,3.14058776807,114.451480083,0.2,0.0,0.0,0.0,0.0,114.451480083,114.451480083
22,14,3777,3.14058776807,114.451480083,0.3,0.0,0.0,0.0,0.0,114.451480083,114.451480083
23,14,3777,3.14058776807,114.451480083,0.4,0.0,0.0,0.0,0.0,114.451480083,114.451480083
24,14,3777,3.14058776807,114.451480083,0.5,0.0,0.0,0.0,0.0,114.451480083,114.451480083
25,14,3777,3.14058776807,114.451480083,0.6,0.00631100277485,0.0282236624215,0.0,0.126220055497,114.44516908,114.44516908
26,14,3777,3.14058776807,114.451480083,0.7,0.0,0.0,0.0,0.0,114.451480083,114.451480083
27,14,3777,3.14058776807,114.451480083,0.8,0.0,0.0,0.0,0.0,114.451480083,114.451480083
28,14,3777,3.14058776807,114.451480083,0.9,0.0,0.0,0.0,0.0,114.451480083,114.451480083
29,14,3777,3.14058776807,114.451480083,1.0,0.0,0.0,0.0,0.0,114.451480083,114.451480083
30,16,3543,3.28873835732,107.661516433,0.1,0.0,0.0,0.0,0.0,107.661516433,107.661516433
31,16,3543,3.28873835732,107.661516433,0.2,0.0,0.0,0.0,0.0,107.661516433,107.661516433
32,16,3543,3.28873835732,107.661516433,0.3,0.0,0.0,0.0,0.0,107.661516433,107.661516433
33,16,3543,3.28873835732,107.661516433,0.4,0.0,0.0,0.0,0.0,107.661516433,107.661516433
34,16,3543,3.28873835732,107.661516433,0.5,0.0,0.0,0.0,0.0,107.661516433,107.661516433
35,16,3543,3.28873835732,107.661516433,0.6,0.0,0.0,0.0,0.0,107.661516433,107.661516433
36,16,3543,3.28873835732,107.661516433,0.7,0.0,0.0,0.0,0.0,107.661516433,107.661516433
37,16,3543,3.28873835732,107.661516433,0.8,0.00625804656038,0.0279868350307,0.0,0.125160931208,107.655258387,107.655258387
38,16,3543,3.28873835732,107.661516433,0.9,0.0,0.0,0.0,0.0,107.661516433,107.661516433
39,16,3543,3.28873835732,107.661516433,1.0,0.0,0.0,0.0,0.0,107.661516433,107.661516433
40,18,3267,3.53045607591,117.44496814,0.1,166.509813376,1.42113790623,163.640654806,168.690418337,-49.0648452359,49.0648452359
41,18,3267,3.53045607591,117.44496814,0.2,153.463935853,2.4482762769,149.378936345,158.145879985,-36.0189677132,36.0189677132
42,18,3267,3.53045607591,117.44496814,0.3,117.342094543,4.03410562762,108.642576142,125.053282905,0.102873597016,0.102873597016
43,18,3267,3.53045607591,117.44496814,0.4,78.8657390286,2.18965240895,74.1406418465,84.2743899573,38.5792291115,38.5792291115
44,18,3267,3.53045607591,117.44496814,0.5,48.4091401732,2.91032600734,41.2263671244,51.7210831718,69.0358279669,69.0358279669
45,18,3267,3.53045607591,117.44496814,0.6,25.8540612423,2.1382959668,22.9698158826,29.2233765756,91.5909068977,91.5909068977
46,18,3267,3.53045607591,117.44496814,0.7,11.5358515984,1.25155687531,8.59769552376,13.4068297821,105.909116542,105.909116542
47,18,3267,3.53045607591,117.44496814,0.8,4.16270416733,0.81360976883,2.86241082467,5.52110006147,113.282263973,113.282263973
48,18,3267,3.53045607591,117.44496814,0.9,1.20814650043,0.496639247014,0.547277070417,2.18462141824,116.23682164,116.23682164
49,18,3267,3.53045607591,117.44496814,1.0,0.829060148275,0.341142379869,0.394447096245,1.4225219158,116.615907992,116.615907992
50,20,3007,3.78250748254,116.756341319,0.1,153.075588892,1.48304974587,150.652798396,155.689284282,-36.3192475725,36.3192475725
51,20,3007,3.78250748254,116.756341319,0.2,141.66521006,2.60286949865,136.053781386,146.611105917,-24.9088687411,24.9088687411
52,20,3007,3.78250748254,116.756341319,0.3,108.04718045,3.46171123112,102.150666856,113.970657404,8.70916086876,8.70916086876
53,20,3007,3.78250748254,116.756341319,0.4,74.2882409338,2.57931095884,69.6396845229,79.6612282284,42.4681003852,42.4681003852
54,20,3007,3.78250748254,116.756341319,0.5,44.5943647199,2.66603488834,39.3848931954,50.2677767678,72.1619765992,72.1619765992
55,20,3007,3.78250748254,116.756341319,0.6,24.1378961709,1.98711155727,21.6549017755,28.2914775465,92.6184451481,92.6184451481
56,20,3007,3.78250748254,116.756341319,0.7,10.7140223611,1.1812977179,8.28005986416,13.3846967019,106.042318958,106.042318958
57,20,3007,3.78250748254,116.756341319,0.8,3.94350634155,0.653927335554,2.76698577869,4.91147340951,112.812834977,112.812834977
58,20,3007,3.78250748254,116.756341319,0.9,1.07414189503,0.264253530249,0.571783546503,1.49525643483,115.682199424,115.682199424
59,20,3007,3.78250748254,116.756341319,1.0,0.692917833858,0.407960950315,0.0,1.64472384368,116.063423485,116.063423485
60,22,2835,3.89770723104,130.715054666,0.1,144.500475588,0.946204884296,142.574224436,146.672668466,-13.7854209219,13.7854209219
61,22,2835,3.89770723104,130.715054666,0.2,133.146249618,2.01410006416,129.489733483,136.455824894,-2.43119495177,2.43119495177
62,22,2835,3.89770723104,130.715054666,0.3,102.090636024,3.6955222484,95.2830769364,108.945144855,28.6244186427,28.6244186427
63,22,2835,3.89770723104,130.715054666,0.4,69.5942741282,3.20433039569,65.1794391771,77.4105802036,61.1207805382,61.1207805382
64,22,2835,3.89770723104,130.715054666,0.5,42.1974330669,2.34739431216,38.4804435414,47.9385239706,88.5176215996,88.5176215996
65,22,2835,3.89770723104,130.715054666,0.6,21.887839581,2.07631279536,17.117752389,25.477348656,108.827215085,108.827215085
66,22,2835,3.89770723104,130.715054666,0.7,10.3167251872,1.52551571638,6.84821097101,12.4145802286,120.398329479,120.398329479
67,22,2835,3.89770723104,130.715054666,0.8,3.41752761329,0.682352257251,2.35060121665,4.62294538549,127.297527053,127.297527053
68,22,2835,3.89770723104,130.715054666,0.9,1.08428371518,0.361290952269,0.340785194518,1.75346012098,129.630770951,129.630770951
69,22,2835,3.89770723104,130.715054666,1.0,0.71016968307,0.289790859348,0.304774415571,1.33702250341,130.004884983,130.004884983
70,24,2588,4.21638330757,125.786300473,0.1,132.66860183,1.28122832122,130.492771608,135.0728518,-6.88230135697,6.88230135697
71,24,2588,4.21638330757,125.786300473,0.2,120.992089636,2.20744754649,117.227141184,124.355845532,4.79421083773,4.79421083773
72,24,2588,4.21638330757,125.786300473,0.3,93.4870926778,2.37173212749,88.3446712114,96.8115351623,32.2992077955,32.2992077955
73,24,2588,4.21638330757,125.786300473,0.4,63.9781831931,3.27283914321,58.7213558088,69.044808183,61.8081172803,61.8081172803
74,24,2588,4.21638330757,125.786300473,0.5,38.5095186649,1.84203523393,34.7750835337,42.3995441762,87.2767818084,87.2767818084
75,24,2588,4.21638330757,125.786300473,0.6,20.7007347137,1.59943907597,18.2375080353,24.4482514927,105.08556576,105.08556576
76,24,2588,4.21638330757,125.786300473,0.7,8.96109704834,1.24913790936,7.03810747099,11.3763804848,116.825203425,116.825203425
77,24,2588,4.21638330757,125.786300473,0.8,3.15462328518,0.862449451973,1.51814558629,5.01849432483,122.631677188,122.631677188
78,24,2588,4.21638330757,125.786300473,0.9,1.05154487958,0.443845277498,0.285942574431,1.86206901139,124.734755594,124.734755594
79,24,2588,4.21638330757,125.786300473,1.0,0.777388798713,0.3242787963,0.232538018631,1.58631344859,125.008911675,125.008911675
80,26,2435,4.44024640657,118.165187905,0.1,124.884691763,1.22956546113,122.853432273,127.757905403,-6.71950385821,6.71950385821
81,26,2435,4.44024640657,118.165187905,0.2,114.623481735,0.956571948316,113.153551011,116.319539485,3.54170616986,3.54170616986
82,26,2435,4.44024640657,118.165187905,0.3,87.7045422097,3.06693582599,81.6470336832,91.9504608322,30.4606456954,30.4606456954
83,26,2435,4.44024640657,118.165187905,0.4,59.7265519455,2.74536068512,55.3313858793,66.0363366967,58.4386359596,58.4386359596
84,26,2435,4.44024640657,118.165187905,0.5,37.5698159313,2.11773524862,34.1251286932,41.1589018333,80.5953719739,80.5953719739
85,26,2435,4.44024640657,118.165187905,0.6,19.2882011328,1.99850325215,15.6810866302,22.9936928557,98.8769867723,98.8769867723
86,26,2435,4.44024640657,118.165187905,0.7,8.8782993112,1.72658270517,6.41850319518,12.6633217075,109.286888594,109.286888594
87,26,2435,4.44024640657,118.165187905,0.8,3.33832990968,0.717220864392,2.30296474475,4.93182680656,114.826857995,114.826857995
88,26,2435,4.44024640657,118.165187905,0.9,1.17617948451,0.387930280862,0.433491195212,1.99727765252,116.989008421,116.989008421
89,26,2435,4.44024640657,118.165187905,1.0,0.60991636691,0.290811800086,0.165899198737,1.0971659954,117.555271538,117.555271538
90,28,2271,4.69220607662,105.404782703,0.1,116.399014443,1.01439338468,115.015165842,118.580108157,-10.9942317408,10.9942317408
91,28,2271,4.69220607662,105.404782703,0.2,107.029560615,1.89410844861,103.919058402,111.312848069,-1.62477791211,1.62477791211
92,28,2271,4.69220607662,105.404782703,0.3,81.5660749478,2.30188404053,77.2121925394,84.6587873507,23.8387077548,23.8387077548
93,28,2271,4.69220607662,105.404782703,0.4,56.5207455929,2.05012757403,52.0163190445,60.4262381702,48.8840371097,48.8840371097
94,28,2271,4.69220607662,105.404782703,0.5,34.2642443559,2.28120366434,30.447873105,37.7599180301,71.1405383467,71.1405383467
95,28,2271,4.69220607662,105.404782703,0.6,18.9722238191,2.18060978182,15.5213367466,24.1997145092,86.4325588835,86.4325588835
96,28,2271,4.69220607662,105.404782703,0.7,8.21457541116,0.944843480014,6.64980081814,9.50140958907,97.1902072914,97.1902072914
97,28,2271,4.69220607662,105.404782703,0.8,2.76700444717,0.761451840307,1.05795468461,4.22129602038,102.637778255,102.637778255
98,28,2271,4.69220607662,105.404782703,0.9,1.01464239418,0.381805315691,0.363840863904,2.05915354579,104.390140308,104.390140308
99,28,2271,4.69220607662,105.404782703,1.0,0.687556821418,0.292732634973,0.333249550625,1.27654458498,104.717225881,104.717225881
100,30,2109,4.89521100047,110.843652194,0.1,108.787994909,1.13554958852,106.38604345,110.278699935,2.05565728579,2.05565728579
101,30,2109,4.89521100047,110.843652194,0.2,99.8370682284,2.35960303399,96.0192596811,104.617075547,11.0065839659,11.0065839659
102,30,2109,4.89521100047,110.843652194,0.3,76.2346376281,2.16275099661,71.9706894027,79.244024983,34.6090145662,34.6090145662
103,30,2109,4.89521100047,110.843652194,0.4,51.5652513257,2.49260397032,47.4387499827,55.4463172128,59.2784008686,59.2784008686
104,30,2109,4.89521100047,110.843652194,0.5,31.7230361647,2.21398533914,26.331998689,35.0011162628,79.1206160296,79.1206160296
105,30,2109,4.89521100047,110.843652194,0.6,16.2919214483,1.51207015861,13.1501635893,19.1788564651,94.551730746,94.551730746
106,30,2109,4.89521100047,110.843652194,0.7,8.21295674767,1.03281273454,6.53709529228,10.2596866013,102.630695447,102.630695447
107,30,2109,4.89521100047,110.843652194,0.8,2.77123436181,0.646927987997,1.91300254199,4.69473049393,108.072417833,108.072417833
108,30,2109,4.89521100047,110.843652194,0.9,0.993284249792,0.340483427285,0.321520636192,1.66555766978,109.850367945,109.850367945
109,30,2109,4.89521100047,110.843652194,1.0,0.607713953685,0.219879695672,0.302571898772,1.06454120592,110.235938241,110.235938241
110,32,1964,5.366598778,73.6362844787,0.1,101.370060207,0.961564675854,99.9612512012,103.000757497,-27.7337757283,27.7337757283
111,32,1964,5.366598778,73.6362844787,0.2,93.2325273385,2.10340380692,89.2289632583,97.3097230741,-19.5962428598,19.5962428598
112,32,1964,5.366598778,73.6362844787,0.3,72.0381370676,2.2494240187,66.954340376,75.3259867858,1.59814741112,1.59814741112
113,32,1964,5.366598778,73.6362844787,0.4,48.4815407404,2.41323836364,44.962372624,52.877514852,25.1547437383,25.1547437383
114,32,1964,5.366598778,73.6362844787,0.5,30.1594793226,1.84465052958,27.4353744527,33.5926675872,43.4768051561,43.4768051561
115,32,1964,5.366598778,73.6362844787,0.6,15.9241592259,0.758763711611,14.6286981809,17.3424029563,57.7121252528,57.7121252528
116,32,1964,5.366598778,73.6362844787,0.7,7.1150843553,1.23422432943,5.04141739572,9.26390170574,66.5212001234,66.5212001234
117,32,1964,5.366598778,73.6362844787,0.8,2.56928067392,0.775987667781,1.17539372628,4.03613670259,71.0670038048,71.0670038048
118,32,1964,5.366598778,73.6362844787,0.9,0.95157831074,0.423003076225,0.310953273672,2.02134277417,72.684706168,72.684706168
119,32,1964,5.366598778,73.6362844787,1.0,0.643699352601,0.308096732189,0.123067918293,1.12597627588,72.9925851261,72.9925851261
120,34,1802,5.47169811321,101.291179536,0.1,92.8711109269,1.06553729277,90.4278440689,94.796449732,8.4200686088,8.4200686088
121,34,1802,5.47169811321,101.291179536,0.2,86.1669131333,1.46852190113,82.8401373095,89.3544016485,15.1242664024,15.1242664024
122,34,1802,5.47169811321,101.291179536,0.3,65.5302987931,1.91635097272,62.2549097716,68.6625008296,35.7608807426,35.7608807426
123,34,1802,5.47169811321,101.291179536,0.4,44.3395760895,2.11113656327,40.3541128221,46.999344299,56.9516034463,56.9516034463
124,34,1802,5.47169811321,101.291179536,0.5,27.3834397458,2.39877669957,23.0896443567,34.0998933905,73.9077397899,73.9077397899
125,34,1802,5.47169811321,101.291179536,0.6,14.2953032799,1.11802681943,12.4731584665,16.8473147463,86.9958762558,86.9958762558
126,34,1802,5.47169811321,101.291179536,0.7,6.854315199,1.07609241987,4.94925431069,9.29144908785,94.4368643367,94.4368643367
127,34,1802,5.47169811321,101.291179536,0.8,2.31297372394,0.511183207149,0.965582553701,3.13359934254,98.9782058118,98.9782058118
128,34,1802,5.47169811321,101.291179536,0.9,1.08186951417,0.393233473249,0.308188413479,1.82275312685,100.209310022,100.209310022
129,34,1802,5.47169811321,101.291179536,1.0,0.718783395198,0.299876344364,0.123436357642,1.32008000451,100.572396141,100.572396141
130,36,1669,5.73517076093,97.3503039723,0.1,76.129178032,0.399842441882,75.2363413711,76.7648035311,21.2211259403,21.2211259403
131,36,1669,5.73517076093,97.3503039723,0.2,66.1125514083,0.783278238249,64.7288107721,67.9664924649,31.237752564,31.237752564
132,36,1669,5.73517076093,97.3503039723,0.3,48.5442682406,1.25122247686,46.7455370915,51.7782295402,48.8060357317,48.8060357317
133,36,1669,5.73517076093,97.3503039723,0.4,33.0961997757,1.22768016187,30.4710946246,35.2201597122,64.2541041966,64.2541041966
134,36,1669,5.73517076093,97.3503039723,0.5,20.1597906319,0.756229196746,19.1974672966,22.0132336857,77.1905133403,77.1905133403
135,36,1669,5.73517076093,97.3503039723,0.6,10.6839061865,0.645209250687,9.27456084254,11.6658227491,86.6663977858,86.6663977858
136,36,1669,5.73517076093,97.3503039723,0.7,4.95368148414,0.580114639068,3.84520270055,5.87942064588,92.3966224881,92.3966224881
137,36,1669,5.73517076093,97.3503039723,0.8,2.11617237978,0.320911661717,1.6623214149,2.86020694384,95.2341315925,95.2341315925
138,36,1669,5.73517076093,97.3503039723,0.9,0.89384371823,0.137237491832,0.62317864447,1.22052554046,96.456460254,96.456460254
139,36,1669,5.73517076093,97.3503039723,1.0,0.798297007175,0.163645578011,0.524607943647,1.08511997621,96.5520069651,96.5520069651
140,38,1581,6.05439595193,82.7236977342,0.1,72.1559509308,0.402070179203,71.3889980482,73.0966688646,10.5677468035,10.5677468035
141,38,1581,6.05439595193,82.7236977342,0.2,62.5169804992,1.07684586245,60.468445681,64.3452345748,20.206717235,20.206717235
142,38,1581,6.05439595193,82.7236977342,0.3,45.6905386795,1.39909284137,43.9048941966,48.5092603038,37.0331590547,37.0331590547
143,38,1581,6.05439595193,82.7236977342,0.4,31.5998257253,1.8381441577,27.9019032893,34.8844673869,51.1238720089,51.1238720089
144,38,1581,6.05439595193,82.7236977342,0.5,18.9116379574,1.07867409168,17.1047351052,21.9467414907,63.8120597768,63.8120597768
145,38,1581,6.05439595193,82.7236977342,0.6,10.0781492957,0.635920918454,8.90883216631,11.1026572334,72.6455484386,72.6455484386
146,38,1581,6.05439595193,82.7236977342,0.7,4.67270029988,0.403448539929,4.04492402916,5.49615112898,78.0509974344,78.0509974344
147,38,1581,6.05439595193,82.7236977342,0.8,1.97941713979,0.261392907047,1.57491051148,2.4774410221,80.7442805945,80.7442805945
148,38,1581,6.05439595193,82.7236977342,0.9,0.962741315618,0.163377778949,0.634457278613,1.26076311092,81.7609564186,81.7609564186
149,38,1581,6.05439595193,82.7236977342,1.0,0.784399246643,0.123034508562,0.605700945831,1.00583025186,81.9392984876,81.9392984876
150,40,1460,6.81643835616,56.9358275035,0.1,66.6461903449,0.323576548086,65.7470718372,67.3266432315,-9.71036284145,9.71036284145
151,40,1460,6.81643835616,56.9358275035,0.2,57.5082934696,1.03242743427,55.3236237296,59.3671972831,-0.572465966159,0.572465966159
152,40,1460,6.81643835616,56.9358275035,0.3,42.8259132305,1.09047505559,41.0418154213,44.1398362411,14.109914273,14.109914273
153,40,1460,6.81643835616,56.9358275035,0.4,28.3705988956,0.923677075048,26.6055316356,29.8854506944,28.5652286079,28.5652286079
154,40,1460,6.81643835616,56.9358275035,0.5,17.4469668593,1.12421386112,14.7622754556,19.6227592565,39.4888606442,39.4888606442
155,40,1460,6.81643835616,56.9358275035,0.6,9.67672177825,0.938140481944,7.86704973029,11.2220077053,47.2591057252,47.2591057252
156,40,1460,6.81643835616,56.9358275035,0.7,4.48522670828,0.41147414842,3.78500102568,5.63919746575,52.4506007952,52.4506007952
157,40,1460,6.81643835616,56.9358275035,0.8,1.81710333664,0.25562527201,1.29712973246,2.2456991313,55.1187241668,55.1187241668
158,40,1460,6.81643835616,56.9358275035,0.9,0.857586971743,0.174892374695,0.408462057123,1.2089192483,56.0782405317,56.0782405317
159,40,1460,6.81643835616,56.9358275035,1.0,0.740166121597,0.162616810405,0.466904313647,0.976836178469,56.1956613819,56.1956613819
160,42,1384,6.74710982659,58.3796884422,0.1,63.4065139124,0.466271287991,62.9159617994,64.6821066045,-5.02682547023,5.02682547023
161,42,1384,6.74710982659,58.3796884422,0.2,54.8805622892,0.890076051482,52.9813096851,56.5618697526,3.49912615302,3.49912615302
162,42,1384,6.74710982659,58.3796884422,0.3,40.3693361117,1.46442485265,38.4144627935,44.5713641165,18.0103523305,18.0103523305
163,42,1384,6.74710982659,58.3796884422,0.4,27.3974364651,0.953725031564,25.1919460945,28.7975849587,30.982251977,30.982251977
164,42,1384,6.74710982659,58.3796884422,0.5,16.5182286505,1.02739828992,14.955448643,18.3978650426,41.8614597916,41.8614597916
165,42,1384,6.74710982659,58.3796884422,0.6,8.83835720769,0.588452438441,7.69692686714,9.95789241315,49.5413312345,49.5413312345
166,42,1384,6.74710982659,58.3796884422,0.7,4.21353844327,0.558121108215,3.19185970701,5.57379936248,54.1661499989,54.1661499989
167,42,1384,6.74710982659,58.3796884422,0.8,1.78567847018,0.28751603456,1.20965088294,2.36070069807,56.594009972,56.594009972
168,42,1384,6.74710982659,58.3796884422,0.9,0.924483887197,0.149050761116,0.628730761865,1.1615602944,57.455204555,57.455204555
169,42,1384,6.74710982659,58.3796884422,1.0,0.832537663894,0.186998662471,0.376554962485,1.2445969479,57.5471507783,57.5471507783
170,44,1287,6.89976689977,61.1304758193,0.1,58.9323877625,0.55645002047,57.8551660936,59.8502735584,2.19808805679,2.19808805679
171,44,1287,6.89976689977,61.1304758193,0.2,51.1556835982,0.837973145975,49.2115769238,52.6672204094,9.97479222107,9.97479222107
172,44,1287,6.89976689977,61.1304758193,0.3,37.67053634,1.24274085524,35.6588375338,39.3788105225,23.4599394793,23.4599394793
173,44,1287,6.89976689977,61.1304758193,0.4,25.3456820609,0.976296875954,23.6891581141,27.2383951349,35.7847937583,35.7847937583
174,44,1287,6.89976689977,61.1304758193,0.5,15.5474037322,0.857434593948,13.5873489576,17.5713973266,45.5830720871,45.5830720871
175,44,1287,6.89976689977,61.1304758193,0.6,8.42420937438,0.466852620983,7.615276298,9.2032834971,52.7062664449,52.7062664449
176,44,1287,6.89976689977,61.1304758193,0.7,4.06500451191,0.371664560884,3.11521614997,4.52235995668,57.0654713074,57.0654713074
177,44,1287,6.89976689977,61.1304758193,0.8,1.61390456452,0.273342236853,1.25011466322,2.41016721372,59.5165712548,59.5165712548
178,44,1287,6.89976689977,61.1304758193,0.9,0.868981083407,0.145297637679,0.610056350175,1.15910860187,60.2614947359,60.2614947359
179,44,1287,6.89976689977,61.1304758193,1.0,0.78891368606,0.155808110208,0.521701553829,1.11095217941,60.3415621332,60.3415621332
180,46,1222,6.91489361702,63.7715575338,0.1,56.1915735091,0.368719555692,55.4027355413,56.7510892091,7.57998402473,7.57998402473
181,46,1222,6.91489361702,63.7715575338,0.2,48.5158203612,1.14027608761,46.0072010823,50.2024130469,15.2557371726,15.2557371726
182,46,1222,6.91489361702,63.7715575338,0.3,35.742185711,1.15915821879,33.5847675891,37.8461036768,28.0293718228,28.0293718228
183,46,1222,6.91489361702,63.7715575338,0.4,24.3334619849,1.1385281943,22.0308325409,26.9850327457,39.438095549,39.438095549
184,46,1222,6.91489361702,63.7715575338,0.5,14.4156959962,0.739528300971,12.4262192965,15.6571970627,49.3558615376,49.3558615376
185,46,1222,6.91489361702,63.7715575338,0.6,8.07624838789,0.674823390484,6.87065474783,9.16083195234,55.6953091459,55.6953091459
186,46,1222,6.91489361702,63.7715575338,0.7,3.80764832523,0.355291538891,3.24370487362,4.62416991905,59.9639092086,59.9639092086
187,46,1222,6.91489361702,63.7715575338,0.8,1.67218518658,0.233600120398,1.26175659304,2.04458985247,62.0993723472,62.0993723472
188,46,1222,6.91489361702,63.7715575338,0.9,0.874443896446,0.144268040684,0.666139937235,1.2172868191,62.8971136374,62.8971136374
189,46,1222,6.91489361702,63.7715575338,1.0,0.782554785319,0.165367789514,0.556629000331,1.19146665781,62.9890027485,62.9890027485
190,48,1137,7.58135444151,50.6918221674,0.1,44.0660940837,0.258651662463,43.5334529251,44.4834194925,6.62572808366,6.62572808366
191,48,1137,7.58135444151,50.6918221674,0.2,36.7468061433,0.656822994122,35.7832413511,38.1753832385,13.945016024,13.945016024
192,48,1137,7.58135444151,50.6918221674,0.3,26.7802146222,0.968933117433,25.1301636649,28.3967453421,23.9116075452,23.9116075452
193,48,1137,7.58135444151,50.6918221674,0.4,17.9060677454,0.51730326844,16.9456165382,18.8963418667,32.785754422,32.785754422
194,48,1137,7.58135444151,50.6918221674,0.5,11.1866347069,0.470837745054,10.4930954468,11.9473138895,39.5051874605,39.5051874605
195,48,1137,7.58135444151,50.6918221674,0.6,5.95160390502,0.457300107136,5.25707114914,6.96554665325,44.7402182624,44.7402182624
196,48,1137,7.58135444151,50.6918221674,0.7,2.93923046679,0.243286430306,2.37001540933,3.42132628901,47.7525917006,47.7525917006
197,48,1137,7.58135444151,50.6918221674,0.8,1.48999916666,0.138895710223,1.26240795448,1.6951005394,49.2018230007,49.2018230007
198,48,1137,7.58135444151,50.6918221674,0.9,0.875356943525,0.100732505594,0.62622944828,1.04590647687,49.8164652239,49.8164652239
199,48,1137,7.58135444151,50.6918221674,1.0,0.817405202006,0.0955680442431,0.653068928587,1.01896841948,49.8744169654,49.8744169654
200,50,1058,8.53875236295,39.1628733058,0.1,41.0070399707,0.284522363629,40.582599597,41.8651790871,-1.84416666484,1.84416666484
201,50,1058,8.53875236295,39.1628733058,0.2,34.1429405036,0.549270501258,33.1217073993,34.9870957847,5.01993280228,5.01993280228
202,50,1058,8.53875236295,39.1628733058,0.3,24.9712248802,0.860142260777,23.631243102,27.2358714328,14.1916484257,14.1916484257
203,50,1058,8.53875236295,39.1628733058,0.4,16.8700568783,0.530485514297,15.6049215715,17.7954449064,22.2928164276,22.2928164276
204,50,1058,8.53875236295,39.1628733058,0.5,10.2765941839,0.453900232676,9.61015389729,11.4235031439,28.8862791219,28.8862791219
205,50,1058,8.53875236295,39.1628733058,0.6,5.68412510688,0.431041453758,5.09956688909,6.54598056714,33.478748199,33.478748199
206,50,1058,8.53875236295,39.1628733058,0.7,2.89079202518,0.203922885006,2.51503711008,3.1984750085,36.2720812807,36.2720812807
207,50,1058,8.53875236295,39.1628733058,0.8,1.39181492826,0.147623131153,1.09020859586,1.64417734278,37.7710583776,37.7710583776
208,50,1058,8.53875236295,39.1628733058,0.9,0.86441589548,0.120100558518,0.675297104375,1.12097152878,38.2984574104,38.2984574104
209,50,1058,8.53875236295,39.1628733058,1.0,0.80439641473,0.133612851263,0.599230316626,1.0569112279,38.3584768911,38.3584768911
210,52,994,8.93360160966,33.8994483346,0.1,38.6395188799,0.305850228484,38.0223181746,39.2025486169,-4.7400705453,4.7400705453
211,52,994,8.93360160966,33.8994483346,0.2,32.3656132303,0.48234638995,31.6422380795,33.4207704585,1.53383510426,1.53383510426
212,52,994,8.93360160966,33.8994483346,0.3,23.4870765285,0.859055503786,21.9555192286,25.0420152329,10.4123718061,10.4123718061
213,52,994,8.93360160966,33.8994483346,0.4,15.6355571297,0.546811388999,14.67772332,16.6608542852,18.2638912049,18.2638912049
214,52,994,8.93360160966,33.8994483346,0.5,9.6427819722,0.549713161983,8.52550036682,10.6029180077,24.2566663624,24.2566663624
215,52,994,8.93360160966,33.8994483346,0.6,5.4950080552,0.421085622726,4.58505635429,6.33956052332,28.4044402794,28.4044402794
216,52,994,8.93360160966,33.8994483346,0.7,2.73908700051,0.254048933599,2.14768019887,3.05434509384,31.1603613341,31.1603613341
217,52,994,8.93360160966,33.8994483346,0.8,1.41325410155,0.129860661105,1.21648079282,1.70879015471,32.486194233,32.486194233
218,52,994,8.93360160966,33.8994483346,0.9,0.876814067445,0.116825630577,0.649863051879,1.09321620608,33.0226342671,33.0226342671
219,52,994,8.93360160966,33.8994483346,1.0,0.839230410602,0.110686783537,0.583386959851,1.03243598084,33.060217924,33.060217924
220,54,941,8.96493092455,37.8707761835,0.1,36.7877342898,0.234530583428,36.4205300919,37.1784402791,1.08304189368,1.08304189368
221,54,941,8.96493092455,37.8707761835,0.2,30.305410975,0.66632491965,28.8689894578,31.2114267974,7.56536520847,7.56536520847
222,54,941,8.96493092455,37.8707761835,0.3,22.6363453494,0.739391022379,21.271291622,23.7870093121,15.234430834,15.234430834
223,54,941,8.96493092455,37.8707761835,0.4,14.8651400604,0.457672543053,14.1378323024,15.8533611051,23.0056361231,23.0056361231
224,54,941,8.96493092455,37.8707761835,0.5,9.12201244521,0.555297391892,8.22183060517,10.2679027627,28.7487637383,28.7487637383
225,54,941,8.96493092455,37.8707761835,0.6,5.25499156198,0.351013532966,4.68053166913,5.86531758457,32.6157846215,32.6157846215
226,54,941,8.96493092455,37.8707761835,0.7,2.57980098149,0.202304590089,2.2138935511,2.88539278724,35.290975202,35.290975202
227,54,941,8.96493092455,37.8707761835,0.8,1.34195084915,0.208286979618,1.0781318776,1.919279591,36.5288253343,36.5288253343
228,54,941,8.96493092455,37.8707761835,0.9,0.899410812825,0.0806046759941,0.755295991107,1.08121736472,36.9713653706,36.9713653706
229,54,941,8.96493092455,37.8707761835,1.0,0.814732219671,0.124011355637,0.618887383325,1.15065128427,37.0560439638,37.0560439638
230,56,878,9.37585421412,30.8074199049,0.1,34.2962002991,0.231777409599,33.8399943925,34.6740019279,-3.48878039418,3.48878039418
231,56,878,9.37585421412,30.8074199049,0.2,28.433852878,0.614489035604,27.5452773797,29.7695847962,2.37356702685,2.37356702685
232,56,878,9.37585421412,30.8074199049,0.3,20.8721974253,0.614020963574,19.847687652,21.9470205917,9.93522247954,9.93522247954
233,56,878,9.37585421412,30.8074199049,0.4,13.9260376681,0.497036360176,13.1661237547,14.9653519645,16.8813822368,16.8813822368
234,56,878,9.37585421412,30.8074199049,0.5,8.61269255194,0.367682662235,7.90098849894,9.14804061781,22.1947273529,22.1947273529
235,56,878,9.37585421412,30.8074199049,0.6,4.84907294927,0.336488779707,4.37161667148,5.69437149387,25.9583469556,25.9583469556
236,56,878,9.37585421412,30.8074199049,0.7,2.54238107424,0.228086089786,2.06666133228,3.00616454752,28.2650388306,28.2650388306
237,56,878,9.37585421412,30.8074199049,0.8,1.30600869061,0.118976909912,1.09655812238,1.52515721332,29.5014112143,29.5014112143
238,56,878,9.37585421412,30.8074199049,0.9,0.866049062833,0.114687083742,0.714280659683,1.06839916801,29.941370842,29.941370842
239,56,878,9.37585421412,30.8074199049,1.0,0.829045102527,0.121589203097,0.659438070316,1.01094211886,29.9783748024,29.9783748024
240,58,829,9.54885404101,30.2719459533,0.1,27.6698777024,0.137178206416,27.4139192405,27.9105496752,2.60206825085,2.60206825085
241,58,829,9.54885404101,30.2719459533,0.2,22.5826826227,0.376931496819,21.7661076621,23.2994648467,7.68926333054,7.68926333054
242,58,829,9.54885404101,30.2719459533,0.3,16.2499082761,0.544205569927,15.2079751915,17.4819708185,14.0220376772,14.0220376772
243,58,829,9.54885404101,30.2719459533,0.4,10.8341505885,0.437608823597,9.90000877118,11.6863182031,19.4377953647,19.4377953647
244,58,829,9.54885404101,30.2719459533,0.5,6.78403450415,0.245810161917,6.3880283583,7.14158845323,23.4879114491,23.4879114491
245,58,829,9.54885404101,30.2719459533,0.6,3.88856673542,0.149503513529,3.65464018941,4.2114331206,26.3833792178,26.3833792178
246,58,829,9.54885404101,30.2719459533,0.7,2.09872087918,0.130317184431,1.90050602378,2.39295461454,28.1732250741,28.1732250741
247,58,829,9.54885404101,30.2719459533,0.8,1.1785260552,0.0914494363566,1.00830414265,1.35329105017,29.0934198981,29.0934198981
248,58,829,9.54885404101,30.2719459533,0.9,0.852725280723,0.0627531626363,0.725643603379,0.937615295572,29.4192206725,29.4192206725
249,58,829,9.54885404101,30.2719459533,1.0,0.832101345864,0.0651079169319,0.724036067375,0.967908223248,29.4398446074,29.4398446074
250,60,792,9.7398989899,29.8031345642,0.1,26.4876247264,0.159517739663,26.1035571257,26.7567813171,3.31550983774,3.31550983774
251,60,792,9.7398989899,29.8031345642,0.2,21.5165065671,0.418019355929,20.6153700333,22.2422533144,8.28662799703,8.28662799703
252,60,792,9.7398989899,29.8031345642,0.3,15.5313502681,0.513571765064,14.5119091666,16.5308747662,14.2717842961,14.2717842961
253,60,792,9.7398989899,29.8031345642,0.4,10.4757881506,0.445062786715,9.59026344845,11.6140837463,19.3273464136,19.3273464136
254,60,792,9.7398989899,29.8031345642,0.5,6.47179355064,0.342355232238,5.97884739697,7.24634607978,23.3313410135,23.3313410135
255,60,792,9.7398989899,29.8031345642,0.6,3.79204185641,0.232083192345,3.37930058739,4.36331745674,26.0110927078,26.0110927078
256,60,792,9.7398989899,29.8031345642,0.7,2.07011842253,0.115964662129,1.82610446051,2.23332392825,27.7330161417,27.7330161417
257,60,792,9.7398989899,29.8031345642,0.8,1.1933640132,0.0832693349029,1.05324960667,1.3755422672,28.609770551,28.609770551
258,60,792,9.7398989899,29.8031345642,0.9,0.847302836951,0.0515898866323,0.734515581082,0.947877340332,28.9558317272,28.9558317272
259,60,792,9.7398989899,29.8031345642,1.0,0.851808112348,0.0730266508271,0.671721956712,0.941619108758,28.9513264518,28.9513264518
260,62,748,10.7219251337,24.5299260961,0.1,24.9927330331,0.22505936556,24.6346909956,25.4607053585,-0.462806937074,0.462806937074
261,62,748,10.7219251337,24.5299260961,0.2,20.288203939,0.385405352026,19.5931629646,20.9329187858,4.24172215708,4.24172215708
262,62,748,10.7219251337,24.5299260961,0.3,14.6843981045,0.415640444751,13.925330456,15.6417219544,9.84552799152,9.84552799152
263,62,748,10.7219251337,24.5299260961,0.4,9.9410017678,0.491623291648,9.2117910508,10.7703228278,14.5889243283,14.5889243283
264,62,748,10.7219251337,24.5299260961,0.5,6.19760554145,0.286712177395,5.46332174394,6.66017249612,18.3323205546,18.3323205546
265,62,748,10.7219251337,24.5299260961,0.6,3.59638445916,0.24314896289,3.218806463,4.10727700157,20.9335416369,20.9335416369
266,62,748,10.7219251337,24.5299260961,0.7,1.99835695705,0.13711057502,1.8276023338,2.32618219276,22.531569139,22.531569139
267,62,748,10.7219251337,24.5299260961,0.8,1.15774628768,0.0822960735687,1.03322781195,1.30487682854,23.3721798084,23.3721798084
268,62,748,10.7219251337,24.5299260961,0.9,0.894718866703,0.0696743001401,0.714387884597,0.99863210447,23.6352072294,23.6352072294
269,62,748,10.7219251337,24.5299260961,1.0,0.850348536019,0.0525035592394,0.752793868571,0.951730601929,23.67957756,23.67957756
270,64,698,10.2693409742,23.8375428139,0.1,23.3821654867,0.204124543203,22.8407820153,23.766993444,0.455377327232,0.455377327232
271,64,698,10.2693409742,23.8375428139,0.2,18.9912937174,0.423357845512,18.2647447407,19.884272538,4.84624909646,4.84624909646
272,64,698,10.2693409742,23.8375428139,0.3,13.8251530255,0.259626870261,13.2680016532,14.371533286,10.0123897884,10.0123897884
273,64,698,10.2693409742,23.8375428139,0.4,9.32828613342,0.29613828411,8.89363442713,9.9210418453,14.5092566805,14.5092566805
274,64,698,10.2693409742,23.8375428139,0.5,5.7618687763,0.279827206481,5.38047135003,6.36408221714,18.0756740376,18.0756740376
275,64,698,10.2693409742,23.8375428139,0.6,3.36303778046,0.233663024804,2.93473085201,3.84472517122,20.4745050334,20.4745050334
276,64,698,10.2693409742,23.8375428139,0.7,1.88831139031,0.12482802863,1.65994418861,2.22531876303,21.9492314236,21.9492314236
277,64,698,10.2693409742,23.8375428139,0.8,1.12519077687,0.0829000164338,0.911862870067,1.29954807476,22.712352037,22.712352037
278,64,698,10.2693409742,23.8375428139,0.9,0.85834204022,0.0692950742982,0.696133391369,1.00735603436,22.9792007737,22.9792007737
279,64,698,10.2693409742,23.8375428139,1.0,0.785439161023,0.0608116600758,0.694414078415,0.933512298376,23.0521036529,23.0521036529
280,66,659,11.5144157815,20.537202385,0.1,19.161678719,0.205522016272,18.8599665902,19.4664890905,1.375523666,1.375523666
281,66,659,11.5144157815,20.537202385,0.2,15.2049447901,0.2130430526,14.8220424434,15.6578364493,5.33225759486,5.33225759486
282,66,659,11.5144157815,20.537202385,0.3,11.1669313479,0.309992582481,10.8559391075,11.9217167044,9.37027103709,9.37027103709
283,66,659,11.5144157815,20.537202385,0.4,7.5937900045,0.18472213119,7.22876307249,7.89896923341,12.9434123805,12.9434123805
284,66,659,11.5144157815,20.537202385,0.5,4.7931553746,0.189895417054,4.42638018654,5.22951263749,15.7440470104,15.7440470104
285,66,659,11.5144157815,20.537202385,0.6,2.83287113136,0.136819311596,2.56818905923,3.12046916816,17.7043312537,17.7043312537
286,66,659,11.5144157815,20.537202385,0.7,1.66289641427,0.109329203617,1.5124301781,1.89352015302,18.8743059707,18.8743059707
287,66,659,11.5144157815,20.537202385,0.8,1.08973023932,0.0602909488451,0.920641928691,1.22197464917,19.4474721457,19.4474721457
288,66,659,11.5144157815,20.537202385,0.9,0.866313765945,0.0397060501985,0.800717135713,0.928850599308,19.6708886191,19.6708886191
289,66,659,11.5144157815,20.537202385,1.0,0.862161794626,0.0552930763881,0.779016694571,0.958872012191,19.6750405904,19.6750405904
290,68,623,11.2937399679,21.0378377515,0.1,20.9375542655,0.193390478468,20.5530820029,21.3280139433,0.100283485984,0.100283485984
291,68,623,11.2937399679,21.0378377515,0.2,17.2107460531,0.443188545338,16.5077762513,18.1209735498,3.82709169843,3.82709169843
292,68,623,11.2937399679,21.0378377515,0.3,12.4006190866,0.302780523744,11.7520061619,12.8780567359,8.63721866493,8.63721866493
293,68,623,11.2937399679,21.0378377515,0.4,8.34400549254,0.297054783518,7.80383883528,9.04189466464,12.6938322589,12.6938322589
294,68,623,11.2937399679,21.0378377515,0.5,5.22035178656,0.247714566702,4.56351020097,5.59238552553,15.8174859649,15.8174859649
295,68,623,11.2937399679,21.0378377515,0.6,3.14727479029,0.12424584139,2.84652787587,3.30691073139,17.8905629612,17.8905629612
296,68,623,11.2937399679,21.0378377515,0.7,1.72677981897,0.131908546571,1.48657253918,1.98424796871,19.3110579325,19.3110579325
297,68,623,11.2937399679,21.0378377515,0.8,1.10430150367,0.0839269555145,0.916852691489,1.2346027263,19.9335362478,19.9335362478
298,68,623,11.2937399679,21.0378377515,0.9,0.881874177533,0.0805973618526,0.753746010701,1.09636281605,20.155963574,20.155963574
299,68,623,11.2937399679,21.0378377515,1.0,0.849752569853,0.0657574043847,0.709534118752,0.989027269985,20.1880851816,20.1880851816
300,70,582,11.9209621993,18.7216574189,0.1,16.9756794807,0.197336358321,16.7127400292,17.327464218,1.74597793827,1.74597793827
301,70,582,11.9209621993,18.7216574189,0.2,13.6918357263,0.281743505476,12.9639155925,14.1936112445,5.02982169262,5.02982169262
302,70,582,11.9209621993,18.7216574189,0.3,9.93598750312,0.250921919435,9.52296865203,10.4641754,8.78566991583,8.78566991583
303,70,582,11.9209621993,18.7216574189,0.4,6.77254563258,0.268016047025,6.32373731396,7.22110772967,11.9491117864,11.9491117864
304,70,582,11.9209621993,18.7216574189,0.5,4.32091828022,0.207049626778,4.0070744582,4.71914285404,14.4007391387,14.4007391387
305,70,582,11.9209621993,18.7216574189,0.6,2.58170218136,0.126852518275,2.21355562867,2.87768009294,16.1399552376,16.1399552376
306,70,582,11.9209621993,18.7216574189,0.7,1.54779771277,0.0834511138743,1.35419037664,1.6781530838,17.1738597062,17.1738597062
307,70,582,11.9209621993,18.7216574189,0.8,1.02169245105,0.0820400328026,0.896608849929,1.22168249128,17.6999649679,17.6999649679
308,70,582,11.9209621993,18.7216574189,0.9,0.872834657072,0.0553520500732,0.802183733838,1.00018102814,17.8488227619,17.8488227619
309,70,582,11.9209621993,18.7216574189,1.0,0.844985895065,0.0536757022007,0.753006812405,0.954935775996,17.8766715239,17.8766715239
310,72,559,12.7441860465,16.2957467736,0.1,16.4559593888,0.127180634399,16.2498069688,16.6959549296,-0.160212615187,0.160212615187
311,72,559,12.7441860465,16.2957467736,0.2,13.0260077525,0.268036488147,12.5526650167,13.3879074588,3.26973902111,3.26973902111
312,72,559,12.7441860465,16.2957467736,0.3,9.48920713471,0.213390404572,9.01790777199,9.81405790282,6.80653963887,6.80653963887
313,72,559,12.7441860465,16.2957467736,0.4,6.45045679578,0.259017318995,6.00161505025,6.95827324639,9.8452899778,9.8452899778
314,72,559,12.7441860465,16.2957467736,0.5,4.14613432622,0.189197807735,3.8311792918,4.59260798399,12.1496124474,12.1496124474
315,72,559,12.7441860465,16.2957467736,0.6,2.47628677863,0.148454763618,2.20080964875,2.75137274115,13.8194599949,13.8194599949
316,72,559,12.7441860465,16.2957467736,0.7,1.52010398992,0.0997366641025,1.33689689675,1.69415954551,14.7756427837,14.7756427837
317,72,559,12.7441860465,16.2957467736,0.8,1.02458500188,0.0493229770981,0.919248264032,1.14345408395,15.2711617717,15.2711617717
318,72,559,12.7441860465,16.2957467736,0.9,0.872581189926,0.0572835966537,0.768047898827,1.00722312322,15.4231655837,15.4231655837
319,72,559,12.7441860465,16.2957467736,1.0,0.822255106526,0.0587592439821,0.71167243321,0.986647723567,15.4734916671,15.4734916671
320,74,526,13.1102661597,14.5152195718,0.1,15.4105029518,0.178792622459,14.9990316005,15.7400346301,-0.895283380052,0.895283380052
321,74,526,13.1102661597,14.5152195718,0.2,12.2450369246,0.247523412109,11.8376675167,12.7461796106,2.27018264721,2.27018264721
322,74,526,13.1102661597,14.5152195718,0.3,8.98658399997,0.251656410869,8.54530533039,9.55785678073,5.52863557179,5.52863557179
323,74,526,13.1102661597,14.5152195718,0.4,6.14264224558,0.253549671679,5.66078127651,6.598635552,8.37257732618,8.37257732618
324,74,526,13.1102661597,14.5152195718,0.5,3.88478893694,0.151879973484,3.57325230149,4.23667094583,10.6304306348,10.6304306348
325,74,526,13.1102661597,14.5152195718,0.6,2.33072663242,0.158723156994,2.0548686816,2.85259675059,12.1844929393,12.1844929393
326,74,526,13.1102661597,14.5152195718,0.7,1.48909093425,0.0836439850204,1.31498221552,1.63772573899,13.0261286375,13.0261286375
327,74,526,13.1102661597,14.5152195718,0.8,1.0267695176,0.0490944611252,0.924716903155,1.12397662987,13.4884500542,13.4884500542
328,74,526,13.1102661597,14.5152195718,0.9,0.853992032265,0.0536095483053,0.753636521036,0.925926791914,13.6612275395,13.6612275395
329,74,526,13.1102661597,14.5152195718,1.0,0.876363140552,0.0500521042624,0.792918011891,0.975509948859,13.6388564312,13.6388564312
330,76,506,14.3003952569,12.8558885398,0.1,13.1401855261,0.128063946549,12.8732702316,13.4057340554,-0.284296986299,0.284296986299
331,76,506,14.3003952569,12.8558885398,0.2,10.4373275579,0.184323988735,10.0198424194,10.7514022932,2.41856098188,2.41856098188
332,76,506,14.3003952569,12.8558885398,0.3,7.51319690506,0.287345633128,6.91102357439,8.05387037213,5.34269163476,5.34269163476
333,76,506,14.3003952569,12.8558885398,0.4,5.07967200052,0.197843997004,4.70540838023,5.4023171945,7.77621653931,7.77621653931
334,76,506,14.3003952569,12.8558885398,0.5,3.32998845045,0.195166299463,3.02640343056,3.68826281288,9.52590008937,9.52590008937
335,76,506,14.3003952569,12.8558885398,0.6,2.1002974695,0.0923726513638,1.8921939284,2.26675482939,10.7555910703,10.7555910703
336,76,506,14.3003952569,12.8558885398,0.7,1.32455558358,0.0627699975248,1.21985617813,1.49047609189,11.5313329562,11.5313329562
337,76,506,14.3003952569,12.8558885398,0.8,0.98947985361,0.0430345843048,0.91629557465,1.0617742834,11.8664086862,11.8664086862
338,76,506,14.3003952569,12.8558885398,0.9,0.849941012956,0.05800519197,0.701336101598,0.95963676692,12.0059475269,12.0059475269
339,76,506,14.3003952569,12.8558885398,1.0,0.846008550248,0.0441641288878,0.748755029127,0.906203234415,12.0098799896,12.0098799896
340,78,479,14.7056367432,11.5132345956,0.1,12.4386986594,0.110120600719,12.2014270257,12.6235231829,-0.925464063736,0.925464063736
341,78,479,14.7056367432,11.5132345956,0.2,9.89436502782,0.150163088674,9.59710725489,10.1940209648,1.6188695678,1.6188695678
342,78,479,14.7056367432,11.5132345956,0.3,7.17429524261,0.285226363584,6.78947523564,7.84193353891,4.33893935301,4.33893935301
343,78,479,14.7056367432,11.5132345956,0.4,4.90400844431,0.191278169734,4.63292265356,5.26048255973,6.60922615131,6.60922615131
344,78,479,14.7056367432,11.5132345956,0.5,3.17115821101,0.137356963163,2.8751281456,3.4493980914,8.34207638461,8.34207638461
345,78,479,14.7056367432,11.5132345956,0.6,2.0461967599,0.0917939280039,1.91024451967,2.29871349038,9.46703783572,9.46703783572
346,78,479,14.7056367432,11.5132345956,0.7,1.31125275807,0.0625021158117,1.2064009521,1.4640419577,10.2019818376,10.2019818376
347,78,479,14.7056367432,11.5132345956,0.8,0.968393339392,0.0402452598388,0.889963717408,1.03283034399,10.5448412562,10.5448412562
348,78,479,14.7056367432,11.5132345956,0.9,0.84940363975,0.0393044855982,0.789582739107,0.92716476695,10.6638309559,10.6638309559
349,78,479,14.7056367432,11.5132345956,1.0,0.832029427002,0.0404888159171,0.764138762451,0.883089508066,10.6812051686,10.6812051686
350,80,463,14.7041036717,11.7092132693,0.1,12.0395418717,0.0867277562692,11.916280371,12.2235036427,-0.330328602403,0.330328602403
351,80,463,14.7041036717,11.7092132693,0.2,9.55010710641,0.247309732798,9.11455456527,9.87419956928,2.15910616294,2.15910616294
352,80,463,14.7041036717,11.7092132693,0.3,6.93736582845,0.1988781463,6.52918228116,7.32793286451,4.7718474409,4.7718474409
353,80,463,14.7041036717,11.7092132693,0.4,4.77877959884,0.225317984471,4.36387084256,5.35672905282,6.93043367051,6.93043367051
354,80,463,14.7041036717,11.7092132693,0.5,3.08922212307,0.118230596713,2.93324175373,3.39525645654,8.61999114628,8.61999114628
355,80,463,14.7041036717,11.7092132693,0.6,1.98696449091,0.129890393349,1.78907180486,2.31933189619,9.72224877844,9.72224877844
356,80,463,14.7041036717,11.7092132693,0.7,1.297275668,0.0631621585754,1.18745153192,1.40159040916,10.4119376013,10.4119376013
357,80,463,14.7041036717,11.7092132693,0.8,0.95211961707,0.0404988857856,0.885887312477,1.05164551087,10.7570936523,10.7570936523
358,80,463,14.7041036717,11.7092132693,0.9,0.851676061908,0.0428601069924,0.778187492437,0.92401929407,10.8575372074,10.8575372074
359,80,463,14.7041036717,11.7092132693,1.0,0.821507478166,0.038414953586,0.768122195763,0.898827658559,10.8877057912,10.8877057912
360,82,442,16.2986425339,9.5897330178,0.1,10.2844105733,0.0849635119481,10.1450419193,10.470136665,-0.694677555543,0.694677555543
361,82,442,16.2986425339,9.5897330178,0.2,8.04518577439,0.160741299503,7.74696894787,8.34924605863,1.54454724341,1.54454724341
362,82,442,16.2986425339,9.5897330178,0.3,5.86234320302,0.214193427508,5.45562511423,6.26800365849,3.72738981478,3.72738981478
363,82,442,16.2986425339,9.5897330178,0.4,3.94884256666,0.149784579989,3.73486730183,4.23498291525,5.64089045113,5.64089045113
364,82,442,16.2986425339,9.5897330178,0.5,2.64886389827,0.117785091546,2.44267733179,2.8346458921,6.94086911952,6.94086911952
365,82,442,16.2986425339,9.5897330178,0.6,1.72318728859,0.0934035105432,1.53484465645,1.91148753302,7.86654572921,7.86654572921
366,82,442,16.2986425339,9.5897330178,0.7,1.20710068358,0.0219170141836,1.16939368877,1.24950188757,8.38263233422,8.38263233422
367,82,442,16.2986425339,9.5897330178,0.8,0.93599363774,0.0376301789803,0.855484958862,0.994800004518,8.65373938006,8.65373938006
368,82,442,16.2986425339,9.5897330178,0.9,0.830219168598,0.0329463307561,0.786128088938,0.901702529718,8.7595138492,8.7595138492
369,82,442,16.2986425339,9.5897330178,1.0,0.832693604704,0.0344033198133,0.782063441435,0.920146357477,8.75703941309,8.75703941309
370,84,429,15.7855477855,9.97988242914,0.1,9.95923149867,0.119731827648,9.75502658587,10.1757233751,0.0206509304741,0.0206509304741
371,84,429,15.7855477855,9.97988242914,0.2,7.82002644351,0.166082148809,7.47321571349,8.13582341528,2.15985598563,2.15985598563
372,84,429,15.7855477855,9.97988242914,0.3,5.56784899784,0.182245995789,5.34264749298,5.95914846813,4.4120334313,4.4120334313
373,84,429,15.7855477855,9.97988242914,0.4,3.84898996164,0.12488227119,3.55742813524,4.07015759783,6.1308924675,6.1308924675
374,84,429,15.7855477855,9.97988242914,0.5,2.5951633938,0.0972501565266,2.3983532784,2.77593657254,7.38471903535,7.38471903535
375,84,429,15.7855477855,9.97988242914,0.6,1.71539885893,0.0722064159169,1.54606731614,1.83052085039,8.26448357021,8.26448357021
376,84,429,15.7855477855,9.97988242914,0.7,1.20121613621,0.0417060441224,1.10763734755,1.26617960417,8.77866629293,8.77866629293
377,84,429,15.7855477855,9.97988242914,0.8,0.921719679989,0.0364668932561,0.864913970063,1.00028369026,9.05816274915,9.05816274915
378,84,429,15.7855477855,9.97988242914,0.9,0.829542361289,0.0285248236293,0.753060037091,0.867687953177,9.15034006785,9.15034006785
379,84,429,15.7855477855,9.97988242914,1.0,0.829467760649,0.0252726645226,0.789316183749,0.873017883197,9.15041466849,9.15041466849
380,86,425,14.8988235294,9.77117802933,0.1,11.0692105666,0.129974659234,10.8756818198,11.3025957729,-1.2980325373,1.2980325373
381,86,425,14.8988235294,9.77117802933,0.2,8.77945122211,0.198263327188,8.38141459036,9.19924815204,0.991726807215,0.991726807215
382,86,425,14.8988235294,9.77117802933,0.3,6.35769394776,0.12051855528,6.05977089119,6.56002638098,3.41348408157,3.41348408157
383,86,425,14.8988235294,9.77117802933,0.4,4.42899991859,0.147803510254,4.18754980213,4.82518945159,5.34217811074,5.34217811074
384,86,425,14.8988235294,9.77117802933,0.5,2.81998884033,0.150064646334,2.6412613046,3.11205177083,6.951189189,6.951189189
385,86,425,14.8988235294,9.77117802933,0.6,1.87588408127,0.111123544703,1.67056884802,2.05993727439,7.89529394806,7.89529394806
386,86,425,14.8988235294,9.77117802933,0.7,1.24883696758,0.071918790808,1.11619902679,1.45453218951,8.52234106174,8.52234106174
387,86,425,14.8988235294,9.77117802933,0.8,0.960237424009,0.0472792043346,0.866220115373,1.05935548713,8.81094060532,8.81094060532
388,86,425,14.8988235294,9.77117802933,0.9,0.843461581444,0.0335165708051,0.796440121986,0.921709515266,8.92771644788,8.92771644788
389,86,425,14.8988235294,9.77117802933,1.0,0.838014900137,0.0341791778105,0.785030797911,0.908844045081,8.93316312919,8.93316312919
390,88,387,16.3410852713,9.32533862133,0.1,9.05104445498,0.138698874378,8.83517015436,9.31067933546,0.274294166352,0.274294166352
391,88,387,16.3410852713,9.32533862133,0.2,7.05012314171,0.164501472781,6.76094679355,7.27460637444,2.27521547962,2.27521547962
392,88,387,16.3410852713,9.32533862133,0.3,5.10388409983,0.128866020484,4.75038874967,5.33106358245,4.2214545215,4.2214545215
393,88,387,16.3410852713,9.32533862133,0.4,3.57872409141,0.0794828641316,3.39231840438,3.68475189807,5.74661452993,5.74661452993
394,88,387,16.3410852713,9.32533862133,0.5,2.39214747777,0.136365194235,2.11691303512,2.64722195761,6.93319114357,6.93319114357
395,88,387,16.3410852713,9.32533862133,0.6,1.58759630633,0.077570021504,1.45726804068,1.73054412869,7.737742315,7.737742315
396,88,387,16.3410852713,9.32533862133,0.7,1.14852844283,0.0567180344379,1.05575891055,1.25537296898,8.1768101785,8.1768101785
397,88,387,16.3410852713,9.32533862133,0.8,0.903461261494,0.0287066495747,0.845844245094,0.956228645267,8.42187735984,8.42187735984
398,88,387,16.3410852713,9.32533862133,0.9,0.84324429461,0.0189244494474,0.81434116724,0.883533149427,8.48209432672,8.48209432672
399,88,387,16.3410852713,9.32533862133,1.0,0.835987207803,0.0393232532617,0.769825870446,0.894059773676,8.48935141353,8.48935141353
400,90,377,16.7639257294,8.24889885176,0.1,8.75896087182,0.0822722317242,8.59635535348,8.97144979952,-0.510062020057,0.510062020057
401,90,377,16.7639257294,8.24889885176,0.2,6.95260614065,0.152393408671,6.6642520707,7.35129591435,1.29629271111,1.29629271111
402,90,377,16.7639257294,8.24889885176,0.3,5.03355997307,0.137359901767,4.81860100028,5.35605195211,3.21533887869,3.21533887869
403,90,377,16.7639257294,8.24889885176,0.4,3.47773181394,0.128525084041,3.26062316869,3.76088101246,4.77116703782,4.77116703782
404,90,377,16.7639257294,8.24889885176,0.5,2.34970467666,0.109240601744,2.14536633387,2.56361300116,5.8991941751,5.8991941751
405,90,377,16.7639257294,8.24889885176,0.6,1.59432200644,0.0741343147483,1.47818183179,1.71491978708,6.65457684532,6.65457684532
406,90,377,16.7639257294,8.24889885176,0.7,1.14313543355,0.0530222302005,1.05015281186,1.24557263042,7.10576341822,7.10576341822
407,90,377,16.7639257294,8.24889885176,0.8,0.91991100194,0.0325710715845,0.855971830115,0.987055710742,7.32898784982,7.32898784982
408,90,377,16.7639257294,8.24889885176,0.9,0.831071994358,0.0266211917464,0.762494453442,0.873708630114,7.4178268574,7.4178268574
409,90,377,16.7639257294,8.24889885176,1.0,0.833211677803,0.0306152559455,0.787583043571,0.914285373268,7.41568717396,7.41568717396
410,92,359,16.9470752089,7.52434691004,0.1,8.35498468088,0.0926184461162,8.15360616021,8.5330910417,-0.830637770844,0.830637770844
411,92,359,16.9470752089,7.52434691004,0.2,6.63494433206,0.130693054539,6.46742951584,6.95786955757,0.889402577983,0.889402577983
412,92,359,16.9470752089,7.52434691004,0.3,4.83516391145,0.0936441114297,4.69345906706,5.01556040525,2.68918299859,2.68918299859
413,92,359,16.9470752089,7.52434691004,0.4,3.2918725339,0.0947923437716,3.07041662218,3.44340306496,4.23247437614,4.23247437614
414,92,359,16.9470752089,7.52434691004,0.5,2.27825619203,0.118505159699,1.9805831997,2.47214975088,5.24609071801,5.24609071801
415,92,359,16.9470752089,7.52434691004,0.6,1.54724123559,0.0729270469941,1.39534693329,1.73679367586,5.97710567445,5.97710567445
416,92,359,16.9470752089,7.52434691004,0.7,1.10956309685,0.0434955386845,1.03401621122,1.21628108469,6.41478381319,6.41478381319
417,92,359,16.9470752089,7.52434691004,0.8,0.908757802135,0.0342518056054,0.832497362125,0.974757979049,6.6155891079,6.6155891079
418,92,359,16.9470752089,7.52434691004,0.9,0.823628309383,0.0249438213493,0.776866645255,0.871245319669,6.70071860066,6.70071860066
419,92,359,16.9470752089,7.52434691004,1.0,0.838945530816,0.0267480732913,0.788875502747,0.891063634086,6.68540137922,6.68540137922
420,94,342,17.6900584795,7.1808832171,0.1,7.21305193129,0.0842290845589,7.04081611612,7.3289893549,-0.032168714189,0.032168714189
421,94,342,17.6900584795,7.1808832171,0.2,5.60871674081,0.152519914718,5.33672741266,5.82332150111,1.57216647629,1.57216647629
422,94,342,17.6900584795,7.1808832171,0.3,4.09261356725,0.109765012722,3.84522878824,4.31998108112,3.08826964985,3.08826964985
423,94,342,17.6900584795,7.1808832171,0.4,2.89143454576,0.129864682577,2.71715713108,3.22475644186,4.28944867134,4.28944867134
424,94,342,17.6900584795,7.1808832171,0.5,2.00621383112,0.0986412667247,1.87040280144,2.24036578751,5.17466938598,5.17466938598
425,94,342,17.6900584795,7.1808832171,0.6,1.42081138382,0.0403048870927,1.30188213169,1.47661842742,5.76007183328,5.76007183328
426,94,342,17.6900584795,7.1808832171,0.7,1.05792191481,0.0362624581079,0.980776370227,1.14324923619,6.12296130229,6.12296130229
427,94,342,17.6900584795,7.1808832171,0.8,0.887929909438,0.0402319575797,0.795145232041,0.939851061762,6.29295330766,6.29295330766
428,94,342,17.6900584795,7.1808832171,0.9,0.838287802969,0.0255576057768,0.79762764609,0.88548086786,6.34259541413,6.34259541413
429,94,342,17.6900584795,7.1808832171,1.0,0.831328301611,0.0206582964234,0.79703751522,0.87353614883,6.34955491549,6.34955491549
430,96,327,17.620795107,7.0757538339,0.1,6.89631390209,0.0681553879987,6.78449801253,7.05250245167,0.179439931803,0.179439931803
431,96,327,17.620795107,7.0757538339,0.2,5.32592985173,0.0836362655148,5.20321796837,5.49965926879,1.74982398217,1.74982398217
432,96,327,17.620795107,7.0757538339,0.3,3.91886976668,0.15011106923,3.65846971178,4.18905784017,3.15688406721,3.15688406721
433,96,327,17.620795107,7.0757538339,0.4,2.76005084379,0.0953761355358,2.54224416669,2.90700677225,4.31570299011,4.31570299011
434,96,327,17.620795107,7.0757538339,0.5,1.91808363412,0.0531260778994,1.82349848537,2.04212963448,5.15767019978,5.15767019978
435,96,327,17.620795107,7.0757538339,0.6,1.36936065525,0.0389776021243,1.29637500206,1.44857705488,5.70639317864,5.70639317864
436,96,327,17.620795107,7.0757538339,0.7,1.04855293477,0.0438070938026,0.956670232997,1.11978635712,6.02720089913,6.02720089913
437,96,327,17.620795107,7.0757538339,0.8,0.885627355778,0.0217572557918,0.842170127596,0.931979092842,6.19012647812,6.19012647812
438,96,327,17.620795107,7.0757538339,0.9,0.84153924388,0.0358209504507,0.790695039825,0.936236199382,6.23421459002,6.23421459002
439,96,327,17.620795107,7.0757538339,1.0,0.834640558428,0.0240438102761,0.799424557309,0.873988023066,6.24111327547,6.24111327547
440,98,321,17.7507788162,6.38372712152,0.1,6.76829373614,0.0918649627109,6.58860728945,7.02764139383,-0.384566614623,0.384566614623
441,98,321,17.7507788162,6.38372712152,0.2,5.29505665982,0.124865196976,5.01903141148,5.54114791598,1.08867046171,1.08867046171
442,98,321,17.7507788162,6.38372712152,0.3,3.82019175521,0.118157381942,3.62419705952,4.11013884456,2.56353536632,2.56353536632
443,98,321,17.7507788162,6.38372712152,0.4,2.75350561976,0.0804884325403,2.5495295107,2.90651191663,3.63022150176,3.63022150176
444,98,321,17.7507788162,6.38372712152,0.5,1.91084017111,0.0975559340908,1.74568592227,2.09992842745,4.47288695041,4.47288695041
445,98,321,17.7507788162,6.38372712152,0.6,1.3815333848,0.0456663080763,1.30980712835,1.46420444016,5.00219373672,5.00219373672
446,98,321,17.7507788162,6.38372712152,0.7,1.03965546487,0.0281103890995,0.984061223853,1.0791650046,5.34407165665,5.34407165665
447,98,321,17.7507788162,6.38372712152,0.8,0.882684539711,0.0327941336967,0.813896829142,0.940224965227,5.50104258181,5.50104258181
448,98,321,17.7507788162,6.38372712152,0.9,0.830827314822,0.0134351428493,0.803684683488,0.853837247106,5.5528998067,5.5528998067
449,98,321,17.7507788162,6.38372712152,1.0,0.826965390358,0.0224395035583,0.794502924945,0.871475433168,5.55676173116,5.55676173116
450,100,314,18.949044586,6.58377996082,0.1,6.61496542479,0.079732376292,6.46596537827,6.74017929374,-0.0311854639629,0.0311854639629
451,100,314,18.949044586,6.58377996082,0.2,5.13992227899,0.121888133622,4.85620006741,5.30700986464,1.44385768183,1.44385768183
452,100,314,18.949044586,6.58377996082,0.3,3.80576451972,0.118524808843,3.61580894266,4.03519853805,2.7780154411,2.7780154411
453,100,314,18.949044586,6.58377996082,0.4,2.66286632195,0.0713555143352,2.53602949506,2.76429561262,3.92091363887,3.92091363887
454,100,314,18.949044586,6.58377996082,0.5,1.87508758831,0.0786600104574,1.69208380856,2.01274565282,4.70869237252,4.70869237252
455,100,314,18.949044586,6.58377996082,0.6,1.35506941055,0.0410306533828,1.26349079743,1.42969122322,5.22871055027,5.22871055027
456,100,314,18.949044586,6.58377996082,0.7,1.03407276584,0.0339437617686,0.979827018277,1.11695395462,5.54970719498,5.54970719498
457,100,314,18.949044586,6.58377996082,0.8,0.882500807317,0.0251895148687,0.842073462659,0.933313804925,5.70127915351,5.70127915351
458,100,314,18.949044586,6.58377996082,0.9,0.83246881167,0.0264007352398,0.782124767399,0.873885838845,5.75131114915,5.75131114915
459,100,314,18.949044586,6.58377996082,1.0,0.843180111197,0.0289744935954,0.793920709749,0.909353596707,5.74059984963,5.74059984963
460,102,295,18.4745762712,6.30067740025,0.1,6.26563317401,0.0754645794356,6.13455671084,6.44003152433,0.0350442262393,0.0350442262393
461,102,295,18.4745762712,6.30067740025,0.2,4.84146566784,0.0956244168908,4.69466454194,5.04607459667,1.45921173241,1.45921173241
462,102,295,18.4745762712,6.30067740025,0.3,3.54987870616,0.110979306942,3.38122590521,3.76826435202,2.75079869408,2.75079869408
463,102,295,18.4745762712,6.30067740025,0.4,2.5736382246,0.070664886787,2.42041943969,2.70748165346,3.72703917564,3.72703917564
464,102,295,18.4745762712,6.30067740025,0.5,1.81486191888,0.0917302461923,1.60965781498,1.93098554476,4.48581548137,4.48581548137
465,102,295,18.4745762712,6.30067740025,0.6,1.3148995523,0.0599448115871,1.2059942697,1.40448373477,4.98577784795,4.98577784795
466,102,295,18.4745762712,6.30067740025,0.7,1.03521563875,0.0333480222712,0.966682400814,1.10934077477,5.2654617615,5.2654617615
467,102,295,18.4745762712,6.30067740025,0.8,0.88010545541,0.0265581855677,0.821246796004,0.935390541407,5.42057194484,5.42057194484
468,102,295,18.4745762712,6.30067740025,0.9,0.841790806075,0.0248312623693,0.786719196833,0.901409287266,5.45888659417,5.45888659417
469,102,295,18.4745762712,6.30067740025,1.0,0.837042004413,0.0334661728895,0.780915041824,0.89576791245,5.46363539583,5.46363539583
470,104,286,17.993006993,6.46297372559,0.1,6.05161771097,0.0757056712393,5.93765188438,6.18622767571,0.411356014614,0.411356014614
471,104,286,17.993006993,6.46297372559,0.2,4.72544718347,0.116116894035,4.5081950077,5.01597597212,1.73752654212,1.73752654212
472,104,286,17.993006993,6.46297372559,0.3,3.52425261858,0.109045520803,3.34285033425,3.75090510326,2.938721107,2.938721107
473,104,286,17.993006993,6.46297372559,0.4,2.46949819221,0.0598563236501,2.33504086767,2.59952176615,3.99347553338,3.99347553338
474,104,286,17.993006993,6.46297372559,0.5,1.7648304081,0.0698272659979,1.61522271162,1.89043400968,4.69814331749,4.69814331749
475,104,286,17.993006993,6.46297372559,0.6,1.30840729893,0.047356900961,1.21584753578,1.40791348684,5.15456642666,5.15456642666
476,104,286,17.993006993,6.46297372559,0.7,1.013137753,0.0284098909612,0.959934119121,1.07710650743,5.44983597259,5.44983597259
477,104,286,17.993006993,6.46297372559,0.8,0.87719952687,0.0275648771145,0.812987591006,0.931864538685,5.58577419872,5.58577419872
478,104,286,17.993006993,6.46297372559,0.9,0.840676574567,0.0349153810223,0.792258789162,0.937839367581,5.62229715102,5.62229715102
479,104,286,17.993006993,6.46297372559,1.0,0.82847403441,0.0259570393233,0.769261100891,0.873955738421,5.63449969118,5.63449969118
480,106,278,18.2589928058,6.24230714595,0.1,5.88028560691,0.0775173187454,5.71462152737,6.03873471536,0.362021539038,0.362021539038
481,106,278,18.2589928058,6.24230714595,0.2,4.54080458924,0.10702250478,4.38203560916,4.71531886826,1.7015025567,1.7015025567
482,106,278,18.2589928058,6.24230714595,0.3,3.42840897755,0.10851956685,3.27820072574,3.64478047248,2.81389816839,2.81389816839
483,106,278,18.2589928058,6.24230714595,0.4,2.43176349976,0.0704040287095,2.24884382762,2.56669120966,3.81054364619,3.81054364619
484,106,278,18.2589928058,6.24230714595,0.5,1.75554396872,0.0587924831179,1.65130761486,1.83396708488,4.48676317723,4.48676317723
485,106,278,18.2589928058,6.24230714595,0.6,1.26959056121,0.0562641245392,1.1370545153,1.3623505103,4.97271658473,4.97271658473
486,106,278,18.2589928058,6.24230714595,0.7,1.01706950208,0.0288802854209,0.942683042753,1.07599792841,5.22523764387,5.22523764387
487,106,278,18.2589928058,6.24230714595,0.8,0.87692225762,0.0248405362838,0.83329154702,0.920681394335,5.36538488833,5.36538488833
488,106,278,18.2589928058,6.24230714595,0.9,0.848370280393,0.0179339545908,0.819291103763,0.891107245467,5.39393686555,5.39393686555
489,106,278,18.2589928058,6.24230714595,1.0,0.840422379596,0.0247312855723,0.797280666329,0.871767102172,5.40188476635,5.40188476635
490,108,265,19.4867924528,5.35833788013,0.1,5.59091497726,0.0846494156343,5.40948556095,5.79484424712,-0.232577097125,0.232577097125
491,108,265,19.4867924528,5.35833788013,0.2,4.36860761703,0.115907003094,4.1686776984,4.60587212442,0.989730263105,0.989730263105
492,108,265,19.4867924528,5.35833788013,0.3,3.21501900878,0.088267941822,3.08522679712,3.37715493546,2.14331887135,2.14331887135
493,108,265,19.4867924528,5.35833788013,0.4,2.35666095719,0.087946865686,2.22611566793,2.53670096006,3.00167692294,3.00167692294
494,108,265,19.4867924528,5.35833788013,0.5,1.69000445442,0.071824831641,1.59673070894,1.84094680408,3.66833342571,3.66833342571
495,108,265,19.4867924528,5.35833788013,0.6,1.2819461076,0.04254865138,1.21348492602,1.37483892678,4.07639177253,4.07639177253
496,108,265,19.4867924528,5.35833788013,0.7,0.98608749056,0.0263515863112,0.942286082592,1.05218972792,4.37225038957,4.37225038957
497,108,265,19.4867924528,5.35833788013,0.8,0.860870010062,0.027969219709,0.806161543075,0.923365662706,4.49746787007,4.49746787007
498,108,265,19.4867924528,5.35833788013,0.9,0.834039440063,0.0289377796972,0.787416396304,0.894085570228,4.52429844007,4.52429844007
499,108,265,19.4867924528,5.35833788013,1.0,0.833921300201,0.0230011270508,0.794784958812,0.871490795679,4.52441657993,4.52441657993
500,110,256,20.78125,5.33475338155,0.1,4.90794428517,0.0637954238348,4.79221695622,5.00687994672,0.426809096384,0.426809096384
501,110,256,20.78125,5.33475338155,0.2,3.8524275265,0.102772792842,3.69111327711,4.06793373967,1.48232585505,1.48232585505
502,110,256,20.78125,5.33475338155,0.3,2.86858820947,0.0681386972109,2.77836808954,3.02095950645,2.46616517208,2.46616517208
503,110,256,20.78125,5.33475338155,0.4,2.09093263729,0.0657278349071,1.95978870606,2.18579818608,3.24382074426,3.24382074426
504,110,256,20.78125,5.33475338155,0.5,1.55235363538,0.048727341901,1.46593008839,1.64995594375,3.78239974617,3.78239974617
505,110,256,20.78125,5.33475338155,0.6,1.19071326055,0.0478746636312,1.1124273387,1.30284032675,4.14404012101,4.14404012101
506,110,256,20.78125,5.33475338155,0.7,0.971346317382,0.0189923426513,0.93685318061,1.00438994368,4.36340706417,4.36340706417
507,110,256,20.78125,5.33475338155,0.8,0.864972809605,0.0222187898383,0.827174671046,0.922137342519,4.46978057195,4.46978057195
508,110,256,20.78125,5.33475338155,0.9,0.842972616828,0.0222292875526,0.809285414524,0.889529199738,4.49178076472,4.49178076472
509,110,256,20.78125,5.33475338155,1.0,0.835873308375,0.0247430175229,0.779615838247,0.890496192706,4.49888007318,4.49888007318
510,112,240,21.0333333333,4.60533937879,0.1,4.60736820323,0.0586246492957,4.51577336923,4.70999184564,-0.00202882444206,0.00202882444206
511,112,240,21.0333333333,4.60533937879,0.2,3.5997211388,0.108957859979,3.4062373488,3.80135448205,1.00561823998,1.00561823998
512,112,240,21.0333333333,4.60533937879,0.3,2.68849316273,0.101485301354,2.42895816448,2.85297465629,1.91684621605,1.91684621605
513,112,240,21.0333333333,4.60533937879,0.4,2.00824594378,0.0781699237665,1.87343906153,2.17922854657,2.597093435,2.597093435
514,112,240,21.0333333333,4.60533937879,0.5,1.50310599231,0.0547671597373,1.41543354125,1.60148201836,3.10223338647,3.10223338647
515,112,240,21.0333333333,4.60533937879,0.6,1.15937276858,0.0431300685702,1.08947044369,1.23938740401,3.44596661021,3.44596661021
516,112,240,21.0333333333,4.60533937879,0.7,0.960503126146,0.0219207019277,0.919812005533,1.0125456486,3.64483625264,3.64483625264
517,112,240,21.0333333333,4.60533937879,0.8,0.87541226946,0.0237646003176,0.832254939172,0.923367908621,3.72992710933,3.72992710933
518,112,240,21.0333333333,4.60533937879,0.9,0.845703083267,0.0202173791976,0.798952138767,0.895887368245,3.75963629552,3.75963629552
519,112,240,21.0333333333,4.60533937879,1.0,0.840480129326,0.0180923144845,0.809808605702,0.870664701124,3.76485924946,3.76485924946
520,114,232,20.8534482759,4.51652707007,0.1,4.45209528332,0.070540507576,4.32735688627,4.57871762959,0.06443178675,0.06443178675
521,114,232,20.8534482759,4.51652707007,0.2,3.53200064709,0.0836815733395,3.29738900718,3.64597664582,0.984526422982,0.984526422982
522,114,232,20.8534482759,4.51652707007,0.3,2.64897691286,0.0772622784318,2.53765474206,2.88440923607,1.86755015721,1.86755015721
523,114,232,20.8534482759,4.51652707007,0.4,1.95672359043,0.0505444914582,1.8631086058,2.03966390377,2.55980347964,2.55980347964
524,114,232,20.8534482759,4.51652707007,0.5,1.45804376235,0.039660457145,1.39362264081,1.52568518213,3.05848330772,3.05848330772
525,114,232,20.8534482759,4.51652707007,0.6,1.13310480148,0.0326021670924,1.07622505945,1.18304076947,3.38342226859,3.38342226859
526,114,232,20.8534482759,4.51652707007,0.7,0.95919754173,0.024678868077,0.902031697244,1.01807554478,3.55732952834,3.55732952834
527,114,232,20.8534482759,4.51652707007,0.8,0.869828249351,0.0197536602023,0.823260244481,0.897294101727,3.64669882072,3.64669882072
528,114,232,20.8534482759,4.51652707007,0.9,0.851124271074,0.0171018343933,0.825201540181,0.885667202813,3.665402799,3.665402799
529,114,232,20.8534482759,4.51652707007,1.0,0.847069545732,0.0279861430203,0.798428704579,0.911367725774,3.66945752434,3.66945752434
530,116,229,20.5327510917,4.72057859697,0.1,4.42287351021,0.0557063885028,4.30427056991,4.5236897993,0.297705086758,0.297705086758
531,116,229,20.5327510917,4.72057859697,0.2,3.43441882841,0.0898943955503,3.24234790895,3.62172817792,1.28615976856,1.28615976856
532,116,229,20.5327510917,4.72057859697,0.3,2.61849977359,0.0854040761317,2.41387623228,2.73586291674,2.10207882338,2.10207882338
533,116,229,20.5327510917,4.72057859697,0.4,1.95289037523,0.0815860145621,1.81051757742,2.12888161299,2.76768822173,2.76768822173
534,116,229,20.5327510917,4.72057859697,0.5,1.45891119773,0.0439183961267,1.36876693817,1.56167814749,3.26166739924,3.26166739924
535,116,229,20.5327510917,4.72057859697,0.6,1.14523480924,0.0315058513979,1.09490350303,1.21225114738,3.57534378773,3.57534378773
536,116,229,20.5327510917,4.72057859697,0.7,0.960974123659,0.0214312156625,0.934199944702,1.00616480626,3.75960447331,3.75960447331
537,116,229,20.5327510917,4.72057859697,0.8,0.871676454743,0.0250186163555,0.819503942276,0.911525927349,3.84890214222,3.84890214222
538,116,229,20.5327510917,4.72057859697,0.9,0.846308194848,0.0199354273578,0.809735572321,0.895994097016,3.87427040212,3.87427040212
539,116,229,20.5327510917,4.72057859697,1.0,0.843094106262,0.0185466280059,0.797307680579,0.87110559959,3.8774844907,3.8774844907
540,118,225,21.1466666667,4.76843357465,0.1,4.31790564945,0.0657465554692,4.17059503471,4.45290271663,0.450527925201,0.450527925201
541,118,225,21.1466666667,4.76843357465,0.2,3.42149181796,0.073934041603,3.3214679644,3.57031579697,1.34694175669,1.34694175669
542,118,225,21.1466666667,4.76843357465,0.3,2.59660826631,0.0596426609731,2.41947593941,2.69330544673,2.17182530834,2.17182530834
543,118,225,21.1466666667,4.76843357465,0.4,1.91919769806,0.0634970145448,1.83981369873,2.05422617577,2.84923587659,2.84923587659
544,118,225,21.1466666667,4.76843357465,0.5,1.44252830899,0.0455024825164,1.36023997673,1.51611338196,3.32590526567,3.32590526567
545,118,225,21.1466666667,4.76843357465,0.6,1.13615552623,0.0312818798868,1.07220308668,1.19554935663,3.63227804842,3.63227804842
546,118,225,21.1466666667,4.76843357465,0.7,0.960381455766,0.0285288130675,0.89893259092,1.0153134154,3.80805211889,3.80805211889
547,118,225,21.1466666667,4.76843357465,0.8,0.879383151472,0.0270075690521,0.830993357181,0.918478609636,3.88905042318,3.88905042318
548,118,225,21.1466666667,4.76843357465,0.9,0.849682921655,0.0220576702334,0.797531836138,0.884842039458,3.918750653,3.918750653
549,118,225,21.1466666667,4.76843357465,1.0,0.853035079321,0.0190588686776,0.817862757546,0.884922657087,3.91539849533,3.91539849533
550,120,214,22.1308411215,4.34392228782,0.1,3.77193801604,0.0535436907256,3.66578528264,3.86579240539,0.571984271779,0.571984271779
551,120,214,22.1308411215,4.34392228782,0.2,3.01164794754,0.0525104987381,2.92003409925,3.11611394734,1.33227434028,1.33227434028
552,120,214,22.1308411215,4.34392228782,0.3,2.30139247036,0.0721707570925,2.18162712595,2.44144886803,2.04252981746,2.04252981746
553,120,214,22.1308411215,4.34392228782,0.4,1.74075300562,0.0558334341135,1.61596931021,1.81662437336,2.6031692822,2.6031692822
554,120,214,22.1308411215,4.34392228782,0.5,1.34392479126,0.0383726719415,1.25398918543,1.42673596749,2.99999749656,2.99999749656
555,120,214,22.1308411215,4.34392228782,0.6,1.07339835203,0.0312144870999,1.00962210955,1.12061244525,3.27052393579,3.27052393579
556,120,214,22.1308411215,4.34392228782,0.7,0.932148972951,0.0231262898028,0.880762970232,0.97309437724,3.41177331487,3.41177331487
557,120,214,22.1308411215,4.34392228782,0.8,0.866683909176,0.0159463411511,0.837357963616,0.90468489178,3.47723837865,3.47723837865
558,120,214,22.1308411215,4.34392228782,0.9,0.84578748224,0.0227843861967,0.810309598736,0.896834823749,3.49813480558,3.49813480558
559,120,214,22.1308411215,4.34392228782,1.0,0.849512842146,0.0158315811422,0.82071751448,0.882599925319,3.49440944568,3.49440944568
